{"cameraMode":{"drawMode":0,"name":"Shaded","section":"Shading Mode"},"sceneLighting":false,"audioPlay":false,"sceneViewState":{"showFog":true,"showMaterialUpdate":false,"showSkybox":false,"showFlares":true,"showImageEffects":true,"showParticleSystems":true,"showVisualEffectGraphs":true,"m_FxEnabled":true},"in2DMode":false,"pivot":{"x":0.0011433139443397523,"y":-0.000005088746547698975,"z":4.470348358154297e-8},"rotation":{"x":0.23237039148807527,"y":-0.5626769661903381,"z":0.16880014538764954,"w":0.7752413749694824},"size":0.17725814878940583,"orthographic":false}