{"cameraMode":{"drawMode":0,"name":"Shaded","section":"Shading Mode"},"sceneLighting":false,"audioPlay":false,"sceneViewState":{"showFog":true,"showMaterialUpdate":false,"showSkybox":false,"showFlares":true,"showImageEffects":true,"showParticleSystems":true,"showVisualEffectGraphs":true,"m_FxEnabled":true},"in2DMode":false,"pivot":{"x":0.006304264068603516,"y":0.002550363540649414,"z":0.040447115898132327},"rotation":{"x":-0.3732331097126007,"y":0.051450569182634357,"z":-0.020729007199406625,"w":-0.9261074066162109},"size":2.4309535026550295,"orthographic":false}