{"cameraMode":{"drawMode":0,"name":"Shaded","section":"Shading Mode"},"sceneLighting":false,"audioPlay":false,"sceneViewState":{"showFog":true,"showMaterialUpdate":false,"showSkybox":false,"showFlares":true,"showImageEffects":true,"showParticleSystems":true,"showVisualEffectGraphs":true,"m_FxEnabled":true},"in2DMode":false,"pivot":{"x":0.0005728267133235931,"y":-0.0005067717283964157,"z":-0.00013641268014907837},"rotation":{"x":-0.17920462787151338,"y":0.45430034399032595,"z":-0.09388738870620728,"w":-0.867662250995636},"size":4.245910167694092,"orthographic":false}