{"cameraMode":{"drawMode":0,"name":"Shaded","section":"Shading Mode"},"sceneLighting":false,"audioPlay":false,"sceneViewState":{"showFog":true,"showMaterialUpdate":false,"showSkybox":false,"showFlares":true,"showImageEffects":true,"showParticleSystems":true,"showVisualEffectGraphs":true,"m_FxEnabled":true},"in2DMode":false,"pivot":{"x":1.1920928955078126e-7,"y":3.5762786865234377e-7,"z":2.384185791015625e-7},"rotation":{"x":0.19158245623111726,"y":-0.32974129915237429,"z":0.06852562725543976,"w":0.9218932390213013},"size":0.6261074542999268,"orthographic":false}