{"cameraMode":{"drawMode":0,"name":"Shaded","section":"Shading Mode"},"sceneLighting":false,"audioPlay":false,"sceneViewState":{"showFog":true,"showMaterialUpdate":false,"showSkybox":false,"showFlares":true,"showImageEffects":true,"showParticleSystems":true,"showVisualEffectGraphs":true,"m_FxEnabled":true},"in2DMode":false,"pivot":{"x":-2.9802322387695315e-8,"y":0.02183978259563446,"z":0.3473935127258301},"rotation":{"x":-0.09897135198116303,"y":0.8783791661262512,"z":-0.20742860436439515,"w":-0.41913852095603945},"size":0.40598028898239138,"orthographic":false}