{"cameraMode":{"drawMode":0,"name":"Shaded","section":"Shading Mode"},"sceneLighting":false,"audioPlay":false,"sceneViewState":{"showFog":true,"showMaterialUpdate":false,"showSkybox":false,"showFlares":true,"showImageEffects":true,"showParticleSystems":true,"showVisualEffectGraphs":true,"m_FxEnabled":true},"in2DMode":false,"pivot":{"x":-0.000001430511474609375,"y":1.1920928955078126e-7,"z":-0.00000286102294921875},"rotation":{"x":0.43122461438179018,"y":0.10917038470506668,"z":-0.05265049263834953,"w":0.8940758109092712},"size":3.1244382858276369,"orthographic":false}