{"cameraMode":{"drawMode":0,"name":"Shaded","section":"Shading Mode"},"sceneLighting":false,"audioPlay":false,"sceneViewState":{"showFog":true,"showMaterialUpdate":false,"showSkybox":false,"showFlares":true,"showImageEffects":true,"showParticleSystems":true,"showVisualEffectGraphs":true,"m_FxEnabled":true},"in2DMode":false,"pivot":{"x":-0.0010000132024288178,"y":0.0034999996423721315,"z":-0.0034314654767513277},"rotation":{"x":0.23237039148807527,"y":-0.5626769661903381,"z":0.16880014538764954,"w":0.7752413749694824},"size":0.13431398570537568,"orthographic":false}