{"cameraMode":{"drawMode":0,"name":"Shaded","section":"Shading Mode"},"sceneLighting":false,"audioPlay":false,"sceneViewState":{"showFog":true,"showMaterialUpdate":false,"showSkybox":false,"showFlares":true,"showImageEffects":true,"showParticleSystems":true,"showVisualEffectGraphs":true,"m_FxEnabled":true},"in2DMode":false,"pivot":{"x":9.5367431640625e-7,"y":0.00009101629257202148,"z":-4.999999523162842},"rotation":{"x":0.20445995032787324,"y":-0.2380550354719162,"z":0.05133717134594917,"w":0.9481073617935181},"size":14.184226989746094,"orthographic":false}