{"cameraMode":{"drawMode":0,"name":"Shaded","section":"Shading Mode"},"sceneLighting":false,"audioPlay":false,"sceneViewState":{"showFog":true,"showMaterialUpdate":false,"showSkybox":false,"showFlares":true,"showImageEffects":true,"showParticleSystems":true,"showVisualEffectGraphs":true,"m_FxEnabled":true},"in2DMode":false,"pivot":{"x":0.00004100799560546875,"y":0.00000286102294921875,"z":0.00001621246337890625},"rotation":{"x":0.19158245623111726,"y":-0.32974129915237429,"z":0.06852562725543976,"w":0.9218932390213013},"size":9.845964431762696,"orthographic":false}