{"cameraMode":{"drawMode":0,"name":"Shaded","section":"Shading Mode"},"sceneLighting":false,"audioPlay":false,"sceneViewState":{"showFog":true,"showMaterialUpdate":false,"showSkybox":false,"showFlares":true,"showImageEffects":true,"showParticleSystems":true,"showVisualEffectGraphs":true,"m_FxEnabled":true},"in2DMode":false,"pivot":{"x":0.30819088220596316,"y":-0.21046727895736695,"z":0.47514110803604128},"rotation":{"x":-0.014317016117274762,"y":-0.9203135371208191,"z":0.3896419107913971,"w":-0.03361748903989792},"size":0.4984150528907776,"orthographic":false}