{"cameraMode":{"drawMode":0,"name":"Shaded","section":"Shading Mode"},"sceneLighting":false,"audioPlay":false,"sceneViewState":{"showFog":true,"showMaterialUpdate":false,"showSkybox":false,"showFlares":true,"showImageEffects":true,"showParticleSystems":true},"in2DMode":false,"pivot":{"x":-0.037319958209991458,"y":-0.19455625116825105,"z":-0.16152404248714448},"rotation":{"x":0.07445503771305084,"y":0.6693933606147766,"z":-0.06771066039800644,"w":0.7360657453536987},"size":2.244117021560669,"orthographic":false}