{"cameraMode":{"drawMode":0,"name":"Shaded","section":"Shading Mode"},"sceneLighting":false,"audioPlay":false,"sceneViewState":{"showFog":true,"showMaterialUpdate":false,"showSkybox":false,"showFlares":true,"showImageEffects":true,"showParticleSystems":true},"in2DMode":false,"pivot":{"x":9.313225746154786e-10,"y":0.04318665713071823,"z":-3.725290298461914e-9},"rotation":{"x":-0.263044148683548,"y":0.4189832806587219,"z":-0.1282937377691269,"w":-0.8595755100250244},"size":1.6584930419921876,"orthographic":false}