{"cameraMode":{"drawMode":0,"name":"Shaded","section":"Shading Mode"},"sceneLighting":false,"audioPlay":false,"sceneViewState":{"showFog":true,"showMaterialUpdate":false,"showSkybox":true,"showFlares":true,"showImageEffects":true,"showParticleSystems":true},"in2DMode":false,"pivot":{"x":-0.9393525123596191,"y":6.97566032409668,"z":-0.3093200922012329},"rotation":{"x":0.14579065144062043,"y":-0.8193120956420898,"z":0.2387414574623108,"w":0.500606894493103},"size":16.28046417236328,"orthographic":false}