{"cameraMode":{"drawMode":0,"name":"Shaded","section":"Shading Mode"},"sceneLighting":false,"audioPlay":false,"sceneViewState":{"showFog":true,"showMaterialUpdate":false,"showSkybox":false,"showFlares":true,"showImageEffects":true,"showParticleSystems":true},"in2DMode":false,"pivot":{"x":0.0011433139443397523,"y":-0.000005088746547698975,"z":4.470348358154297e-8},"rotation":{"x":-0.263044148683548,"y":0.4189832806587219,"z":-0.1282937377691269,"w":-0.8595755100250244},"size":0.5849519371986389,"orthographic":false}