{"cameraMode":{"drawMode":0,"name":"Shaded","section":"Shading Mode"},"sceneLighting":false,"audioPlay":false,"sceneViewState":{"showFog":true,"showMaterialUpdate":false,"showSkybox":false,"showFlares":true,"showImageEffects":true,"showParticleSystems":true},"in2DMode":false,"pivot":{"x":-3.725290298461914e-9,"y":-2.9802322387695315e-8,"z":0.0},"rotation":{"x":-0.016813546419143678,"y":-0.782109260559082,"z":0.021122070029377939,"w":-0.6225687265396118},"size":2.230527639389038,"orthographic":false}