{"cameraMode":{"drawMode":0,"name":"Shaded","section":"Shading Mode"},"sceneLighting":false,"audioPlay":false,"sceneViewState":{"showFog":true,"showMaterialUpdate":false,"showSkybox":false,"showFlares":true,"showImageEffects":true,"showParticleSystems":true},"in2DMode":false,"pivot":{"x":0.3706914186477661,"y":0.6120109558105469,"z":0.5063561201095581},"rotation":{"x":0.07333517074584961,"y":-0.864189863204956,"z":0.480015367269516,"w":0.13228407502174378},"size":7.5040459632873539,"orthographic":false}