{"cameraMode":{"drawMode":0,"name":"Shaded","section":"Shading Mode"},"sceneLighting":false,"audioPlay":false,"sceneViewState":{"showFog":true,"showMaterialUpdate":false,"showSkybox":false,"showFlares":true,"showImageEffects":true,"showParticleSystems":true},"in2DMode":false,"pivot":{"x":-0.20911413431167603,"y":0.16592998802661897,"z":-2.9802322387695315e-8},"rotation":{"x":-0.263044148683548,"y":0.4189832806587219,"z":-0.1282937377691269,"w":-0.8595755100250244},"size":0.7674389481544495,"orthographic":false}