{"cameraMode":{"drawMode":0,"name":"Shaded","section":"Shading Mode"},"sceneLighting":false,"audioPlay":false,"sceneViewState":{"showFog":true,"showMaterialUpdate":false,"showSkybox":false,"showFlares":true,"showImageEffects":true,"showParticleSystems":true},"in2DMode":false,"pivot":{"x":-0.16353681683540345,"y":0.011603180319070816,"z":1.4075829982757569},"rotation":{"x":0.0009016012772917748,"y":0.998094916343689,"z":-0.05995751544833183,"w":0.014972060918807984},"size":-0.15710574388504029,"orthographic":false}