{"cameraMode":{"drawMode":0,"name":"Shaded","section":"Shading Mode"},"sceneLighting":false,"audioPlay":false,"sceneViewState":{"showFog":true,"showMaterialUpdate":false,"showSkybox":false,"showFlares":true,"showImageEffects":true,"showParticleSystems":true},"in2DMode":false,"pivot":{"x":0.0,"y":0.002953622490167618,"z":-0.2903447151184082},"rotation":{"x":-0.1900518238544464,"y":0.7589222192764282,"z":-0.25364774465560915,"w":-0.5689011812210083},"size":1.5023419857025147,"orthographic":false}