{"cameraMode":{"drawMode":0,"name":"Shaded","section":"Shading Mode"},"sceneLighting":false,"audioPlay":false,"sceneViewState":{"showFog":true,"showMaterialUpdate":false,"showSkybox":false,"showFlares":true,"showImageEffects":true,"showParticleSystems":true},"in2DMode":false,"pivot":{"x":-0.22749537229537965,"y":-0.02428925596177578,"z":-0.026123046875},"rotation":{"x":-0.07829514890909195,"y":-0.8817074298858643,"z":0.15771359205245973,"w":-0.43772533535957339},"size":2.027446985244751,"orthographic":false}