{"cameraMode":{"drawMode":0,"name":"Shaded","section":"Shading Mode"},"sceneLighting":false,"audioPlay":false,"sceneViewState":{"showFog":true,"showMaterialUpdate":false,"showSkybox":false,"showFlares":true,"showImageEffects":true,"showParticleSystems":true},"in2DMode":false,"pivot":{"x":0.008446317166090012,"y":-0.07333067059516907,"z":-0.018963992595672609},"rotation":{"x":-0.263044148683548,"y":0.4189832806587219,"z":-0.1282937377691269,"w":-0.8595755100250244},"size":1.5936506986618043,"orthographic":false}