{"cameraMode":{"drawMode":0,"name":"Shaded","section":"Shading Mode"},"sceneLighting":false,"audioPlay":false,"sceneViewState":{"showFog":true,"showMaterialUpdate":false,"showSkybox":false,"showFlares":true,"showImageEffects":true,"showParticleSystems":true},"in2DMode":false,"pivot":{"x":0.32708868384361269,"y":0.20839795470237733,"z":0.6648448705673218},"rotation":{"x":0.2659285366535187,"y":-0.6466742157936096,"z":0.2579154074192047,"w":0.666766345500946},"size":1.3925821781158448,"orthographic":false}