{"cameraMode":{"drawMode":0,"name":"Shaded","section":"Shading Mode"},"sceneLighting":false,"audioPlay":false,"sceneViewState":{"showFog":true,"showMaterialUpdate":false,"showSkybox":false,"showFlares":true,"showImageEffects":true,"showParticleSystems":true,"showVisualEffectGraphs":true,"m_FxEnabled":true},"in2DMode":false,"pivot":{"x":1.119229793548584,"y":-0.0015778541564941407,"z":3.210036277770996},"rotation":{"x":0.19158245623111726,"y":-0.32974129915237429,"z":0.06852562725543976,"w":0.9218932390213013},"size":5.263484477996826,"orthographic":false}