{"cameraMode":{"drawMode":0,"name":"Shaded","section":"Shading Mode"},"sceneLighting":false,"audioPlay":false,"sceneViewState":{"showFog":true,"showMaterialUpdate":false,"showSkybox":false,"showFlares":true,"showImageEffects":true,"showParticleSystems":true,"showVisualEffectGraphs":true,"m_FxEnabled":true},"in2DMode":false,"pivot":{"x":0.13503840565681458,"y":-0.4782966077327728,"z":-0.022978194057941438},"rotation":{"x":0.2951093018054962,"y":-0.5831615924835205,"z":0.23971308767795564,"w":0.7179304361343384},"size":1.5918056964874268,"orthographic":false}